Workbook

Sheet README
A1: Repository dataset — disposable cold polypectomy snares
A3: Dataset title | B3: Life cycle inventory and environmental assessment data for disposable cold polypectomy snares
A4: Related manuscript | B4: Carbon footprint and acquisition cost of disposable cold polypectomy snares: implications for cleaner production and sustainable healthcare procurement
A5: Functional unit | B5: One single-use cold polypectomy snare per endoscopic resection
A6: System boundary | B6: Cradle-to-grave: materials, transformation/assembly, packaging, transport and end-of-life. Endoscopic equipment/procedure excluded as common to all devices.
A7: LCIA method | B7: ReCiPe 2016 Midpoint (H), climate-change category; kg CO₂e per functional unit
A8: SimaPro version | B8: 9.6.0.1
A9: Background system model | B9: ecoinvent Cut-off, as identified in the supplied SimaPro exports
A10: Cross-platform check | B10: openLCA implementation using the same functional unit and foreground modelling framework
A11: Primary data | B11: Measured component and packaging masses; material identification (ATR-FTIR for polymers and EDX for metals, as described in manuscript)
A12: Secondary data | B12: Background material production, transformation, freight and end-of-life processes
A13: Important Snare B note | B13: Measured PTFE-containing tubing mass is reported in Physical_inventory. The SimaPro foreground model uses 1.175 g tetrafluoroethylene as a background modelling input for the PTFE-related contribution; it is not the measured PTFE component mass.
A14: Important Snare D note | B14: The original physical-measurement workbook contains a corrupted steel-mass cell. The 6.86 g steel mass and 40.41 g total used here are taken from the validated LCA foreground model/source export.
... A17: Sheets | B17: Physical_inventory = measured component masses; Foreground_LCI = SimaPro foreground inputs; Transport_EOL = documented assumptions; Carbon_results = platform results and costs; Stage_contributions = published stage shares; Sensitivity = scenario analysis; MCDA = cost-carbon weighting; Institutional_scenario = 3,200 snares/year extrapolation; Data_dictionary = field definitions.

Sheet Physical_inventory
A1: Snare | B1: Manufacturer | C1: Reference | D1: Component | E1: Material | F1: Mass_g | G1: Classification | H1: Data note
A2: A | B2: mdd GmbH | C2: MST-CS-24-02-10-230 | D2: Handle | E2: ABS | F2: 23.32 | G2: Device | H2: Primary measurement
A3: A | B3: mdd GmbH | C3: MST-CS-24-02-10-230 | D3: Packaging reverse | E3: Cellophane / cellulose | F3: 10.22 | G3: Packaging | H3: Primary measurement
A4: A | B4: mdd GmbH | C4: MST-CS-24-02-10-230 | D4: Tubing | E4: PE (LD) | F4: 5.66 | G4: Device | H4: Primary measurement
A5: A | B5: mdd GmbH | C5: MST-CS-24-02-10-230 | D5: Packaging front | E5: PP | F5: 4.23 | G5: Packaging | H5: Primary measurement
A6: A | B6: mdd GmbH | C6: MST-CS-24-02-10-230 | D6: Flexible grey tubing | E6: PU | F6: 1.25 | G6: Device | H6: Primary measurement
A7: A | B7: mdd GmbH | C7: MST-CS-24-02-10-230 | D7: Plastic covering | E7: PP | F7: 0.24 | G7: Device | H7: Primary measurement
A8: A | B8: mdd GmbH | C8: MST-CS-24-02-10-230 | D8: Metal cable | E8: Stainless steel | F8: 9.008 | G8: Device | H8: Primary measurement
A9: A | B9: mdd GmbH | C9: MST-CS-24-02-10-230 | D9: Gold-coloured metal | E9: Brass | F9: 2.36 | G9: Device | H9: Primary measurement
A10: A | B10: mdd GmbH | C10: MST-CS-24-02-10-230 | D10: Silver-coloured metal | E10: Stainless steel | F10: 0.97 | G10: Device | H10: Primary measurement
A11: B | B11: Olympus | C11: SD-400U-10 | D11: White handle | E11: ABS | F11: 22.03 | G11: Device | H11: Primary measurement
A12: B | B12: Olympus | C12: SD-400U-10 | D12: Plastic tubing | E12: PTFE | F12: 12.4 | G12: Device | H12: Primary measurement; see README note on LCA modelling input
A13: B | B13: Olympus | C13: SD-400U-10 | D13: Packaging front | E13: PET | F13: 8.04 | G13: Packaging | H13: Primary measurement
... A34: D | B34: Steris | C34: 711115 | D34: Metal cable | E34: Stainless steel | F34: 6.86 | G34: Device | H34: LCA source model mass; original measurement workbook cell is corrupted

Sheet Foreground_LCI
A1: Snare | B1: Model_element | C1: Background_dataset_or_process | D1: Amount | E1: Unit | F1: Model_comment
A2: A | B2: Material | C2: Acrylonitrile-butadiene-styrene copolymer {GLO}| market for acrylonitrile-butadiene-styrene copolymer | Cut-off, U | D2: 23.32 | E2: g | F2: Material - handle
A3: A | B3: Material | C3: Polypropylene, granulate {GLO}| market for polypropylene, granulate | Cut-off, U | D3: 4.47 | E3: g | F3: Material - packaging, plastic covering
A4: A | B4: Material | C4: Polyethylene, low density, granulate {GLO}| market for polyethylene, low density, granulate | Cut-off, U | D4: 5.66 | E4: g | F4: Material - tubing
A5: A | B5: Material | C5: Polyurethane, flexible foam, flame retardant {GLO}| market for polyurethane, flexible foam, flame retardant | Cut-off, U | D5: 1.25 | E5: g | F5: Material - tubing (grey flexible)
A6: A | B6: Material | C6: Steel, chromium steel 18/8, hot rolled {GLO}| market for steel, chromium steel 18/8, hot rolled | Cut-off, U | D6: 9.978 | E6: g | F6: Material - snare, plated metal (silver colored)
A7: A | B7: Material | C7: Brass {RoW}| market for brass | Cut-off, U | D7: 2.36 | E7: g | F7: Material - plated metal (gold colored)
A8: A | B8: Material | C8: Cellulose fibre {RoW}| cellulose fibre production | Cut-off, U | D8: 10.22 | E8: g | F8: Material - packaging (cellophane)
A9: A | B9: Manufacturing / transformation | C9: Injection moulding {GLO}| market for injection moulding | Cut-off, U | D9: 23.32 | E9: g | F9: Process - handle
A10: A | B10: Manufacturing / transformation | C10: Extrusion, plastic film {GLO}| market for extrusion, plastic film | Cut-off, U | D10: 14.45 | E10: g | F10: Process - packaging, front and back
A11: A | B11: Manufacturing / transformation | C11: Blow moulding {GLO}| market for blow moulding | Cut-off, U | D11: 7.15 | E11: g | F11: Process - tubing, grey flexible tubing, plastic covering
A12: A | B12: Manufacturing / transformation | C12: Wire drawing, steel {GLO}| market for wire drawing, steel | Cut-off, U | D12: 9.978 | E12: g | F12: Process - snare, plated metal (silver colored)
A13: A | B13: Manufacturing / transformation | C13: Brass {RoW}| market for brass | Cut-off, U | D13: 2.36 | E13: g | F13: Process - plated metal (gold colored)
... A52: D | B52: End-of-life | C52: Waste plastic, mixture {GLO}| treatment of waste plastic, mixture, municipal incineration | Cut-off, U | D52: 40.41 | E52: g | F52: End-of-life proxy

Sheet Transport_EOL
A1: Snare | B1: Sea_distance_km | C1: Sea_freight_kgkm | D1: Road_distance_km | E1: Road_freight_kgkm | F1: EOL_mass_g | G1: EOL_process
A2: A | B2: 20000 | C2: 1146 | D2: 306 | E2: 17.5338 | F2: 57.258 | G2: Waste plastic, mixture {GLO}| treatment of waste plastic, mixture, municipal incineration | Cut-off, U
A3: B | B3: 21000 | C3: 1292.34 | D3: 6 | E3: 0.36924 | F3: 61.04 | G3: Waste plastic, mixture {GLO}| treatment of waste plastic, mixture, municipal incineration | Cut-off, U
A4: C | B4: 8500 | C4: 407.575 | D4: 166 | E4: 7.9597 | F4: 47.95 | G4: Waste plastic, mixture {GLO}| treatment of waste plastic, mixture, municipal incineration | Cut-off, U
A5: D | B5: 6000 | C5: 201.3 | D5: 956 | E5: 32.0738 | F5: 40.41 | G5: Waste plastic, mixture {GLO}| treatment of waste plastic, mixture, municipal incineration | Cut-off, U

Sheet Carbon_results
A1: Snare | B1: openLCA_kgCO2e | C1: SimaPro_kgCO2e | D1: Published_mean_kgCO2e | E1: Relative_difference_pct | F1: Environmental_rank | G1: Acquisition_cost_EUR
A2: A | B2: 0.441 | C2: 0.449 | D2: 0.4451306 | E2: =ABS(B2-C2)/AVERAGE(B2:C2)*100 -> 1.7977528 | F2: =RANK(D2,$D$2:$D$5,1) -> 3 | G2: 11.5
A3: B | B3: 0.613 | C3: 0.606 | D3: 0.6097153 | E3: =ABS(B3-C3)/AVERAGE(B3:C3)*100 -> 1.1484824 | F3: =RANK(D3,$D$2:$D$5,1) -> 4 | G3: 19.4
A4: C | B4: 0.394 | C4: 0.383 | D4: 0.3884141 | E4: =ABS(B4-C4)/AVERAGE(B4:C4)*100 -> 2.8314028 | F4: =RANK(D4,$D$2:$D$5,1) -> 2 | G4: 14
A5: D | B5: 0.324 | C5: 0.324 | D5: 0.3239839 | E5: =ABS(B5-C5)/AVERAGE(B5:C5)*100 -> 0 | F5: =RANK(D5,$D$2:$D$5,1) -> 1 | G5: 21.2
A7: Data note
A8: Published_mean_kgCO2e uses the unrounded study values reported in the final analysis; openLCA and SimaPro columns are displayed to three decimals as in the supplementary table. Relative difference is calculated from those displayed platform values.

Sheet Stage_contributions
A1: Snare | B1: Manufacturing_pct | C1: Assembly_pct | D1: Transport_pct | E1: Disposal_pct | F1: Sum_pct
A2: A | B2: 51.3 | C2: 14.6 | D2: 3.4 | E2: 30.5 | F2: =SUM(B2:E2) -> 99.8
A3: B | B3: 62.9 | C3: 10.9 | D3: 2.2 | E3: 23.8 | F3: =SUM(B3:E3) -> 99.8
A4: C | B4: 56.4 | C4: 12.7 | D4: 1.4 | E4: 29.3 | F4: =SUM(B4:E4) -> 99.8
A5: D | B5: 53 | C5: 14.9 | D5: 2.9 | E5: 29 | F5: =SUM(B5:E5) -> 99.8
A7: Note
A8: Stage shares are the values reported in the manuscript; rounding may cause totals to differ slightly from 100%.

Sheet Sensitivity
A1: Scenario | B1: Assumption | C1: A_kgCO2e | D1: B_kgCO2e | E1: C_kgCO2e | F1: D_kgCO2e | G1: Ranking | H1: Change_vs_base
A2: Base case | B2: Standard modelling assumptions | C2: 0.445 | D2: 0.61 | E2: 0.388 | F2: 0.324 | G2: D–C–A–B | H2: Reference
A3: Transport +50% | B3: Transport contribution increased by 50% | C3: 0.453 | D3: 0.616 | E3: 0.391 | F3: 0.329 | G3: D–C–A–B | H3: No change
A4: Transport −50% | B4: Transport contribution decreased by 50% | C4: 0.438 | D4: 0.603 | E4: 0.386 | F4: 0.319 | G4: D–C–A–B | H4: No change
A5: Manufacturing +20% | B5: Manufacturing contribution increased by 20% | C5: 0.491 | D5: 0.686 | E5: 0.432 | F5: 0.358 | G5: D–C–A–B | H5: No change
A6: Manufacturing −20% | B6: Manufacturing contribution decreased by 20% | C6: 0.399 | D6: 0.533 | E6: 0.345 | F6: 0.29 | G6: D–C–A–B | H6: No change

Sheet MCDA
A1: Cost_weight | B1: Carbon_weight | C1: A_score | D1: B_score | E1: C_score | F1: D_score | G1: Ranking_best_to_worst | I1: Snare | J1: A | K1: B | L1: C | M1: D
A2: 1 | B2: 0 | C2: =$A2*J$5+$B2*J$4 -> 0 | D2: =$A2*K$5+$B2*K$4 -> 0.81443299 | E2: =$A2*L$5+$B2*L$4 -> 0.25773196 | F2: =$A2*M$5+$B2*M$4 -> 1 | G2: A–C–B–D | I2: Carbon_kgCO2e | J2: =Carbon_results!D2 -> 0.4451306 | K2: =Carbon_results!D3 -> 0.6097153 | L2: =Carbon_results!D4 -> 0.3884141 | M2: =Carbon_results!D5 -> 0.3239839
A3: 0.75 | B3: 0.25 | C3: =$A3*J$5+$B3*J$4 -> 0.10599701 | D3: =$A3*K$5+$B3*K$4 -> 0.86082474 | E3: =$A3*L$5+$B3*L$4 -> 0.24967202 | F3: =$A3*M$5+$B3*M$4 -> 0.75 | G3: A–C–D–B | I3: Cost_EUR | J3: =Carbon_results!G2 -> 11.5 | K3: =Carbon_results!G3 -> 19.4 | L3: =Carbon_results!G4 -> 14 | M3: =Carbon_results!G5 -> 21.2
A4: 0.5 | B4: 0.5 | C4: =$A4*J$5+$B4*J$4 -> 0.21199403 | D4: =$A4*K$5+$B4*K$4 -> 0.90721649 | E4: =$A4*L$5+$B4*L$4 -> 0.24161208 | F4: =$A4*M$5+$B4*M$4 -> 0.5 | G4: A–C–D–B | I4: Carbon_norm | J4: =(J2-MIN($J$2:$M$2))/(MAX($J$2:$M$2)-MIN($J$2:$M$2)) -> 0.42398805 | K4: =(K2-MIN($J$2:$M$2))/(MAX($J$2:$M$2)-MIN($J$2:$M$2)) -> 1 | L4: =(L2-MIN($J$2:$M$2))/(MAX($J$2:$M$2)-MIN($J$2:$M$2)) -> 0.22549219 | M4: =(M2-MIN($J$2:$M$2))/(MAX($J$2:$M$2)-MIN($J$2:$M$2)) -> 0
A5: 0.25 | B5: 0.75 | C5: =$A5*J$5+$B5*J$4 -> 0.31799104 | D5: =$A5*K$5+$B5*K$4 -> 0.95360825 | E5: =$A5*L$5+$B5*L$4 -> 0.23355213 | F5: =$A5*M$5+$B5*M$4 -> 0.25 | G5: C–D–A–B | I5: Cost_norm | J5: =(J3-MIN($J$3:$M$3))/(MAX($J$3:$M$3)-MIN($J$3:$M$3)) -> 0 | K5: =(K3-MIN($J$3:$M$3))/(MAX($J$3:$M$3)-MIN($J$3:$M$3)) -> 0.81443299 | L5: =(L3-MIN($J$3:$M$3))/(MAX($J$3:$M$3)-MIN($J$3:$M$3)) -> 0.25773196 | M5: =(M3-MIN($J$3:$M$3))/(MAX($J$3:$M$3)-MIN($J$3:$M$3)) -> 1
A6: 0 | B6: 1 | C6: =$A6*J$5+$B6*J$4 -> 0.42398805 | D6: =$A6*K$5+$B6*K$4 -> 1 | E6: =$A6*L$5+$B6*L$4 -> 0.22549219 | F6: =$A6*M$5+$B6*M$4 -> 0 | G6: D–C–A–B
A8: Method note
A9: Acquisition cost and mean carbon footprint are independently min–max normalized. Lower scores indicate lower weighted values. Rankings are scenario outputs, not a universal recommendation.

Sheet Institutional_scenario
A1: Snare | B1: Mean_kgCO2e_per_snare | C1: Colonoscopies_per_year | D1: Cold_snare_use_pct | E1: Projected_annual_kgCO2e
A2: A | B2: =Carbon_results!D2 -> 0.4451306 | C2: 8000 | D2: 0.4 | E2: =B2*C2*D2 -> 1424.4179
A3: B | B3: =Carbon_results!D3 -> 0.6097153 | C3: 8000 | D3: 0.4 | E3: =B3*C3*D3 -> 1951.089
A4: C | B4: =Carbon_results!D4 -> 0.3884141 | C4: 8000 | D4: 0.4 | E4: =B4*C4*D4 -> 1242.9251
A5: D | B5: =Carbon_results!D5 -> 0.3239839 | C5: 8000 | D5: 0.4 | E5: =B5*C5*D5 -> 1036.7485
A7: Interpretation note
A8: Scenario represents 3,200 snares/year. Values are extrapolations from device-level carbon footprints, not measured institutional emissions.

Sheet Data_dictionary
A1: Sheet | B1: Field | C1: Definition
A2: Physical_inventory | B2: Mass_g | C2: Measured mass of the physical component in grams; Snare D steel mass uses validated LCA source because original measurement cell is corrupted.
A3: Physical_inventory | B3: Classification | C3: Device or Packaging classification used for material-composition summaries.
A4: Foreground_LCI | B4: Background_dataset_or_process | C4: Name of the ecoinvent background dataset/process referenced by the SimaPro foreground model; underlying proprietary inventory is not redistributed.
A5: Foreground_LCI | B5: Amount | C5: Foreground model amount; units are reported separately.
A6: Transport_EOL | B6: Sea_freight_kgkm / Road_freight_kgkm | C6: Mass-distance product used in foreground transport modelling.
A7: Carbon_results | B7: Published_mean_kgCO2e | C7: Unrounded mean carbon-footprint value used in the final analysis and downstream MCDA/institutional scenario. Platform values are displayed separately to three decimals as in the supplementary table.
A8: Carbon_results | B8: Relative_difference_pct | C8: Absolute difference between platform estimates divided by their mean, ×100.
A9: Stage_contributions | B9: *_pct | C9: Percentage contribution of each life-cycle stage as reported in the manuscript.
A10: Sensitivity | B10: A_kgCO2e–D_kgCO2e | C10: Scenario-specific carbon footprint per functional unit.
A11: MCDA | B11: Cost_weight / Carbon_weight | C11: Illustrative procurement weighting assigned to normalized acquisition cost and carbon footprint.
A12: MCDA | B12: A_score–D_score | C12: Weighted sum of independently min–max-normalized cost and carbon footprint; lower values indicate lower combined weighted values.
A13: Institutional_scenario | B13: Projected_annual_kgCO2e | C13: Mean device carbon footprint × annual colonoscopies × cold-snare use proportion.
